initial_FN,initial_FP,initial_average precision,initial_f1,initial_precision,initial_recall,initial_roc auc,label,learner,query time (s),sample_100_FN,sample_100_FP,sample_100_average precision,sample_100_f1,sample_100_precision,sample_100_recall,sample_100_roc auc,sample_10_FN,sample_10_FP,sample_10_average precision,sample_10_f1,sample_10_precision,sample_10_recall,sample_10_roc auc,sample_1_FN,sample_1_FP,sample_1_average precision,sample_1_f1,sample_1_precision,sample_1_recall,sample_1_roc auc,sample_25_FN,sample_25_FP,sample_25_average precision,sample_25_f1,sample_25_precision,sample_25_recall,sample_25_roc auc,sample_50_FN,sample_50_FP,sample_50_average precision,sample_50_f1,sample_50_precision,sample_50_recall,sample_50_roc auc,sampling strategy,train time (s)
10,0,1.0,0.999821899266225,1.0,0.999643861960896,1.0,smurf.,RandomForestClassifier,0.11353611946105957,12,0,1.0,0.9997862715064297,1.0,0.9995726343530753,1.0,10,0,1.0,0.999821899266225,1.0,0.999643861960896,1.0,10,0,1.0,0.999821899266225,1.0,0.999643861960896,1.0,12,0,1.0,0.9997862715064297,1.0,0.9995726343530753,1.0,12,0,1.0,0.9997862715064297,1.0,0.9995726343530753,1.0,random_sampling,0.10528206825256348
10,0,1.0,0.999821899266225,1.0,0.999643861960896,1.0,smurf.,RandomForestClassifier,0.11146020889282227,0,0,1.0,1.0,1.0,1.0,1.0,0,0,1.0,1.0,1.0,1.0,1.0,6,0,1.0,0.9998931471719618,1.0,0.9997863171765377,1.0,0,0,1.0,1.0,1.0,1.0,1.0,0,0,1.0,1.0,1.0,1.0,1.0,entropy_sampling,0.1093759536743164
10,0,1.0,0.999821899266225,1.0,0.999643861960896,1.0,smurf.,RandomForestClassifier,0.11464071273803711,0,0,1.0,1.0,1.0,1.0,1.0,0,0,1.0,1.0,1.0,1.0,1.0,6,0,1.0,0.9998931471719618,1.0,0.9997863171765377,1.0,0,0,1.0,1.0,1.0,1.0,1.0,0,0,1.0,1.0,1.0,1.0,1.0,uncertainty_sampling,0.10989785194396973
9,57,0.9999969145370411,0.9988257481407679,0.9979734774416041,0.9996794757648064,0.9999909684154763,smurf.,LogisticRegression,0.002382993698120117,9,6,0.9997988595469577,0.9997328822010507,0.9997862943439236,0.9996794757648064,0.9998911487220736,9,5,0.999998141602494,0.99975068561456,0.9998219056099733,0.9996794757648064,0.9999945744595606,9,67,0.9999224386206791,0.9986480717233528,0.9976187937591072,0.9996794757648064,0.9998858183665542,9,6,0.999798421633803,0.9997328822010507,0.9997862943439236,0.9996794757648064,0.999889856403737,9,4,0.9998048282936791,0.999768489662173,0.99985751941298,0.9996794757648064,0.9998903725988798,random_sampling,0.02431201934814453
9,57,0.9999969145370411,0.9988257481407679,0.9979734774416041,0.9996794757648064,0.9999909684154763,smurf.,LogisticRegression,0.0025589466094970703,0,0,1.0,1.0,1.0,1.0,0.9999999999999999,1,7,0.9999999340469276,0.9998575600028488,0.9997507566316539,0.9999643861960896,0.99999980963016,9,3,0.9998183874005007,0.9997862943439236,0.9998931357532148,0.9996794757648064,0.9998884469347292,1,5,0.9998197481749087,0.999893166197785,0.9998219563436955,0.9999643861960896,0.9997934047921185,0,2,0.9999999885841899,0.9999643874643874,0.9999287774651899,1.0,0.999999967051374,entropy_sampling,0.026510953903198242
9,57,0.9999969145370411,0.9988257481407679,0.9979734774416041,0.9996794757648064,0.9999909684154763,smurf.,LogisticRegression,0.002276182174682617,0,0,1.0,1.0,1.0,1.0,0.9999999999999999,1,7,0.9999999340469276,0.9998575600028488,0.9997507566316539,0.9999643861960896,0.99999980963016,9,3,0.9998183874005007,0.9997862943439236,0.9998931357532148,0.9996794757648064,0.9998884469347292,1,5,0.9998197481749087,0.999893166197785,0.9998219563436955,0.9999643861960896,0.9997934047921185,0,2,0.9999999885841899,0.9999643874643874,0.9999287774651899,1.0,0.999999967051374,uncertainty_sampling,0.034185171127319336
4,0,0.9999998956170286,0.9998133980220191,1.0,0.9996268656716418,0.999999942464896,neptune.,RandomForestClassifier,0.11269497871398926,3,0,0.999999930437299,0.9998600550450156,1.0,0.9997201492537313,0.999999961643264,4,0,0.9999998956170286,0.9998133980220191,1.0,0.9996268656716418,0.999999942464896,4,0,0.9999998956170286,0.9998133980220191,1.0,0.9996268656716418,0.999999942464896,3,0,0.999999930437299,0.9998600550450156,1.0,0.9997201492537313,0.999999961643264,3,0,0.999999930437299,0.9998600550450156,1.0,0.9997201492537313,0.999999961643264,random_sampling,0.10952281951904297
4,0,0.9999998956170286,0.9998133980220191,1.0,0.9996268656716418,0.999999942464896,neptune.,RandomForestClassifier,0.11259293556213379,1,0,1.0,0.999953356033397,1.0,0.9999067164179104,1.0,1,0,0.999999991298985,0.999953356033397,1.0,0.9999067164179104,0.9999999952054079,4,0,0.9999996349999583,0.9998133980220191,1.0,0.9996268656716418,0.9999997410920316,1,0,1.0,0.999953356033397,1.0,0.9999067164179104,1.0,1,0,1.0,0.999953356033397,1.0,0.9999067164179104,1.0,entropy_sampling,0.10872769355773926
4,0,0.9999998956170286,0.9998133980220191,1.0,0.9996268656716418,0.999999942464896,neptune.,RandomForestClassifier,0.10899615287780762,1,0,1.0,0.999953356033397,1.0,0.9999067164179104,1.0,1,0,0.999999991298985,0.999953356033397,1.0,0.9999067164179104,0.9999999952054079,4,0,0.9999996349999583,0.9998133980220191,1.0,0.9996268656716418,0.9999997410920316,1,0,1.0,0.999953356033397,1.0,0.9999067164179104,1.0,1,0,1.0,0.999953356033397,1.0,0.9999067164179104,1.0,uncertainty_sampling,0.10741710662841797
6,3,0.9999929910309973,0.9995801651350468,0.9997200709153681,0.9994402985074626,0.9999920985123724,neptune.,LogisticRegression,0.0018801689147949219,6,2,0.9999935548302472,0.999626796044038,0.9998133631952221,0.9994402985074626,0.9999927409877013,6,2,0.9999941467118987,0.999626796044038,0.9998133631952221,0.9994402985074626,0.9999934218197664,6,2,0.9999941053771141,0.999626796044038,0.9998133631952221,0.9994402985074626,0.9999933738738462,6,2,0.9999931248112297,0.999626796044038,0.9998133631952221,0.9994402985074626,0.9999922519393165,5,1,0.9999964052659931,0.9997200970330286,0.9999066815976111,0.9995335820895522,0.9999959821318981,random_sampling,0.024976015090942383
6,3,0.9999929910309973,0.9995801651350468,0.9997200709153681,0.9994402985074626,0.9999920985123724,neptune.,LogisticRegression,0.0022928714752197266,1,0,0.999999991298985,0.999953356033397,1.0,0.9999067164179104,0.999999990410816,6,8,0.9998702199525429,0.9993470758324784,0.9992538705465398,0.9994402985074626,0.9999218385611008,5,1,0.9999955305302279,0.9997200970330286,0.9999066815976111,0.9995335820895522,0.9999949944459446,2,0,0.9999999130628312,0.9999067077152719,1.0,0.9998134328358209,0.9999999041081599,1,0,0.999999982599593,0.999953356033397,1.0,0.9999067164179104,0.999999980821632,entropy_sampling,0.026525020599365234
6,3,0.9999929910309973,0.9995801651350468,0.9997200709153681,0.9994402985074626,0.9999920985123724,neptune.,LogisticRegression,0.002087831497192383,1,0,0.999999991298985,0.999953356033397,1.0,0.9999067164179104,0.999999990410816,6,8,0.9998702199525429,0.9993470758324784,0.9992538705465398,0.9994402985074626,0.9999218385611008,5,1,0.9999955305302279,0.9997200970330286,0.9999066815976111,0.9995335820895522,0.9999949944459446,2,0,0.9999999130628312,0.9999067077152719,1.0,0.9998134328358209,0.9999999041081599,1,0,0.999999982599593,0.999953356033397,1.0,0.9999067164179104,0.999999980821632,uncertainty_sampling,0.03061985969543457
2,0,1.0,0.995433789954338,1.0,0.990909090909091,1.0,back.,RandomForestClassifier,0.10912203788757324,2,0,1.0,0.995433789954338,1.0,0.990909090909091,1.0,3,0,1.0,0.9931350114416476,1.0,0.9863636363636363,1.0,2,0,1.0,0.995433789954338,1.0,0.990909090909091,1.0,0,0,1.0,1.0,1.0,1.0,1.0,0,0,1.0,1.0,1.0,1.0,1.0,random_sampling,0.10534214973449707
2,0,1.0,0.995433789954338,1.0,0.990909090909091,1.0,back.,RandomForestClassifier,0.10442376136779785,0,0,1.0,1.0,1.0,1.0,1.0,0,0,1.0,1.0,1.0,1.0,1.0,4,0,1.0,0.9908256880733944,1.0,0.9818181818181818,1.0,0,0,1.0,1.0,1.0,1.0,1.0,1,0,1.0,0.9977220956719818,1.0,0.9954545454545455,1.0,entropy_sampling,0.11087894439697266
2,0,1.0,0.995433789954338,1.0,0.990909090909091,1.0,back.,RandomForestClassifier,0.10941171646118164,0,0,1.0,1.0,1.0,1.0,1.0,0,0,1.0,1.0,1.0,1.0,1.0,4,0,1.0,0.9908256880733944,1.0,0.9818181818181818,1.0,0,0,1.0,1.0,1.0,1.0,1.0,1,0,1.0,0.9977220956719818,1.0,0.9954545454545455,1.0,uncertainty_sampling,0.10543298721313477
4,24,0.8095565964856206,0.9391304347826087,0.9,0.9818181818181818,0.9979576293361245,back.,LogisticRegression,0.0007121562957763672,44,13,0.841507175035227,0.8606356968215159,0.9312169312169312,0.8,0.9939593301435407,4,25,0.8048233275984727,0.9370932754880694,0.8962655601659751,0.9818181818181818,0.9978795977870814,5,22,0.8311268675918085,0.9409190371991247,0.9071729957805907,0.9772727272727273,0.9980445387260766,5,19,0.8306189222277983,0.9471365638766519,0.9188034188034188,0.9772727272727273,0.9972394587320574,6,20,0.8288011981774661,0.9427312775330396,0.9145299145299145,0.9727272727272728,0.996983403110048,random_sampling,0.03475189208984375
4,24,0.8095565964856206,0.9391304347826087,0.9,0.9818181818181818,0.9979576293361245,back.,LogisticRegression,0.0007722377777099609,5,19,0.8453136426158121,0.9471365638766519,0.9188034188034188,0.9772727272727273,0.9979450134569379,5,24,0.8217831762246401,0.9368191721132897,0.899581589958159,0.9772727272727273,0.9980501457834928,4,23,0.8173921434782844,0.9411764705882354,0.9037656903765691,0.9818181818181818,0.9981795753588516,4,19,0.8422519932300195,0.9494505494505494,0.9191489361702128,0.9818181818181818,0.9986608477870813,5,19,0.8358386613302565,0.9471365638766519,0.9188034188034188,0.9772727272727273,0.9982907819976077,entropy_sampling,0.03338909149169922
4,24,0.8095565964856206,0.9391304347826087,0.9,0.9818181818181818,0.9979576293361245,back.,LogisticRegression,0.0010333061218261719,5,19,0.8453136426158121,0.9471365638766519,0.9188034188034188,0.9772727272727273,0.9979450134569379,5,24,0.8217831762246401,0.9368191721132897,0.899581589958159,0.9772727272727273,0.9980501457834928,4,23,0.8173921434782844,0.9411764705882354,0.9037656903765691,0.9818181818181818,0.9981795753588516,4,19,0.8422519932300195,0.9494505494505494,0.9191489361702128,0.9818181818181818,0.9986608477870813,5,19,0.8358386613302565,0.9471365638766519,0.9188034188034188,0.9772727272727273,0.9982907819976077,uncertainty_sampling,0.03266596794128418
16,0,0.9901260021999159,0.9470198675496689,1.0,0.89937106918239,0.9998771619496856,satan.,RandomForestClassifier,0.10592293739318848,17,0,0.9514239996363405,0.9435215946843853,1.0,0.8930817610062893,0.9778503599801391,17,0,0.9903454403276404,0.9435215946843853,1.0,0.8930817610062893,0.9998878294645812,16,0,0.9901260021999159,0.9470198675496689,1.0,0.89937106918239,0.9998771619496856,17,0,0.9514239996363405,0.9435215946843853,1.0,0.8930817610062893,0.9778503599801391,17,0,0.9514239996363405,0.9435215946843853,1.0,0.8930817610062893,0.9778503599801391,random_sampling,0.1102609634399414
16,0,0.9901260021999159,0.9470198675496689,1.0,0.89937106918239,0.9998771619496856,satan.,RandomForestClassifier,0.10579991340637207,0,0,1.0,1.0,1.0,1.0,1.0,5,0,0.9971018847379627,0.9840255591054313,1.0,0.9685534591194969,0.9999608857787156,16,0,0.9874981267156318,0.9470198675496689,1.0,0.89937106918239,0.9998312593098312,0,0,1.0,1.0,1.0,1.0,1.0,0,0,1.0,1.0,1.0,1.0,1.0,entropy_sampling,0.11037397384643555
16,0,0.9901260021999159,0.9470198675496689,1.0,0.89937106918239,0.9998771619496856,satan.,RandomForestClassifier,0.10385918617248535,0,0,1.0,1.0,1.0,1.0,1.0,5,0,0.9971018847379627,0.9840255591054313,1.0,0.9685534591194969,0.9999608857787156,16,0,0.9874981267156318,0.9470198675496689,1.0,0.89937106918239,0.9998312593098312,0,0,1.0,1.0,1.0,1.0,1.0,0,0,1.0,1.0,1.0,1.0,1.0,uncertainty_sampling,0.10701298713684082
17,0,0.9972847773446892,0.9435215946843853,1.0,0.8930817610062893,0.9999456926514398,satan.,LogisticRegression,0.0011289119720458984,17,0,0.9972330605374782,0.9435215946843853,1.0,0.8930817610062893,0.9999443996193313,17,0,0.9972847773446892,0.9435215946843853,1.0,0.8930817610062893,0.9999456926514398,17,0,0.9972847773446892,0.9435215946843853,1.0,0.8930817610062893,0.9999456926514398,17,0,0.9972565115951209,0.9435215946843853,1.0,0.8930817610062893,0.9999450461353856,17,0,0.9972330605374782,0.9435215946843853,1.0,0.8930817610062893,0.9999443996193313,random_sampling,0.03218197822570801
17,0,0.9972847773446892,0.9435215946843853,1.0,0.8930817610062893,0.9999456926514398,satan.,LogisticRegression,0.000904083251953125,1,1,0.9996987157759951,0.9937106918238994,0.9937106918238994,0.9937106918238994,0.9999948278715657,2,9,0.9915311981589732,0.9661538461538461,0.9457831325301205,0.9874213836477987,0.9999178924611056,15,0,0.9949327733087109,0.9504950495049505,1.0,0.9056603773584906,0.999884920142337,1,1,0.9947047276091876,0.9937106918238994,0.9937106918238994,0.9937106918238994,0.9994524009020191,1,2,0.9948857799555092,0.9905956112852665,0.9875,0.9937106918238994,0.9995526108904336,entropy_sampling,0.02774810791015625
17,0,0.9972847773446892,0.9435215946843853,1.0,0.8930817610062893,0.9999456926514398,satan.,LogisticRegression,0.0007507801055908203,1,1,0.9996987157759951,0.9937106918238994,0.9937106918238994,0.9937106918238994,0.9999948278715657,2,9,0.9915311981589732,0.9661538461538461,0.9457831325301205,0.9874213836477987,0.9999178924611056,15,0,0.9949327733087109,0.9504950495049505,1.0,0.9056603773584906,0.999884920142337,1,1,0.9947047276091876,0.9937106918238994,0.9937106918238994,0.9937106918238994,0.9994524009020191,1,2,0.9948857799555092,0.9905956112852665,0.9875,0.9937106918238994,0.9995526108904336,uncertainty_sampling,0.024693965911865234
4,0,0.9972802346770968,0.983739837398374,1.0,0.968,0.9999597039473684,ipsweep.,RandomForestClassifier,0.10299110412597656,4,0,0.9984260778591487,0.983739837398374,1.0,0.968,0.9999876644736843,4,0,0.9972802346770968,0.983739837398374,1.0,0.968,0.9999597039473684,4,0,0.9972802346770968,0.983739837398374,1.0,0.968,0.9999597039473684,4,3,0.9954675353567456,0.9718875502008033,0.9758064516129032,0.968,0.9999432565789474,4,0,0.99925,0.983739837398374,1.0,0.968,0.9999950657894737,random_sampling,0.10957121849060059
4,0,0.9972802346770968,0.983739837398374,1.0,0.968,0.9999597039473684,ipsweep.,RandomForestClassifier,0.10319375991821289,0,0,1.0,1.0,1.0,1.0,1.0,1,0,1.0,0.9959839357429718,1.0,0.992,1.0,4,0,0.9973304682603634,0.983739837398374,1.0,0.968,0.9999613486842105,1,0,0.9996335877862595,0.9959839357429718,1.0,0.992,0.9999975328947368,1,0,1.0,0.9959839357429718,1.0,0.992,1.0,entropy_sampling,0.10760092735290527
4,0,0.9972802346770968,0.983739837398374,1.0,0.968,0.9999597039473684,ipsweep.,RandomForestClassifier,0.10576319694519043,0,0,1.0,1.0,1.0,1.0,1.0,1,0,1.0,0.9959839357429718,1.0,0.992,1.0,4,0,0.9973304682603634,0.983739837398374,1.0,0.968,0.9999613486842105,1,0,0.9996335877862595,0.9959839357429718,1.0,0.992,0.9999975328947368,1,0,1.0,0.9959839357429718,1.0,0.992,1.0,uncertainty_sampling,0.1093740463256836
8,10,0.9318247910960035,0.9285714285714286,0.9212598425196851,0.936,0.9988634868421054,ipsweep.,LogisticRegression,0.0009360313415527344,8,13,0.8717225030570814,0.9176470588235294,0.9,0.936,0.9987746710526315,8,12,0.8744418460910913,0.921259842519685,0.9069767441860465,0.936,0.9987631578947367,8,11,0.8715344459052864,0.924901185770751,0.9140625,0.936,0.998796875,8,12,0.8690786238770397,0.921259842519685,0.9069767441860465,0.936,0.9987919407894738,8,11,0.8761257189521109,0.924901185770751,0.9140625,0.936,0.9987993421052632,random_sampling,0.028905868530273438
8,10,0.9318247910960035,0.9285714285714286,0.9212598425196851,0.936,0.9988634868421054,ipsweep.,LogisticRegression,0.0007801055908203125,0,0,1.0,1.0,1.0,1.0,1.0,3,0,0.9858638345089958,0.9878542510121457,1.0,0.976,0.9982606907894737,8,11,0.8759157063976823,0.924901185770751,0.9140625,0.936,0.9987911184210526,2,0,0.9931547344110855,0.9919354838709677,1.0,0.984,0.999390625,1,0,0.9968780487804879,0.9959839357429718,1.0,0.992,0.9999342105263156,entropy_sampling,0.03219008445739746
8,10,0.9318247910960035,0.9285714285714286,0.9212598425196851,0.936,0.9988634868421054,ipsweep.,LogisticRegression,0.0006830692291259766,0,0,1.0,1.0,1.0,1.0,1.0,3,0,0.9858638345089958,0.9878542510121457,1.0,0.976,0.9982606907894737,8,11,0.8759157063976823,0.924901185770751,0.9140625,0.936,0.9987911184210526,2,0,0.9931547344110855,0.9919354838709677,1.0,0.984,0.999390625,1,0,0.9968780487804879,0.9959839357429718,1.0,0.992,0.9999342105263156,uncertainty_sampling,0.025492191314697266
2,0,0.9903938684695789,0.9902912621359222,1.0,0.9807692307692307,0.9951700681616903,portsweep.,RandomForestClassifier,0.10825014114379883,9,0,0.9897466791204664,0.9547738693467337,1.0,0.9134615384615384,0.9951641376201923,2,0,0.9903938684695789,0.9902912621359222,1.0,0.9807692307692307,0.9951700681616903,2,0,0.9903938684695789,0.9902912621359222,1.0,0.9807692307692307,0.9951700681616903,9,0,0.9897466791204664,0.9547738693467337,1.0,0.9134615384615384,0.9951641376201923,9,0,0.9897466791204664,0.9547738693467337,1.0,0.9134615384615384,0.9951641376201923,random_sampling,0.10774016380310059
2,0,0.9903938684695789,0.9902912621359222,1.0,0.9807692307692307,0.9951700681616903,portsweep.,RandomForestClassifier,0.10551071166992188,1,0,0.9904863240908807,0.9951690821256038,1.0,0.9903846153846154,0.9951784697621459,2,0,0.9904863240908807,0.9902912621359222,1.0,0.9807692307692307,0.9951720450088564,3,0,0.9902141905640302,0.9853658536585366,1.0,0.9711538461538461,0.9951666086791499,1,0,0.9904863240908807,0.9951690821256038,1.0,0.9903846153846154,0.9951784697621459,1,0,0.9904863240908807,0.9951690821256038,1.0,0.9903846153846154,0.9951725392206479,entropy_sampling,0.1107931137084961
2,0,0.9903938684695789,0.9902912621359222,1.0,0.9807692307692307,0.9951700681616903,portsweep.,RandomForestClassifier,0.1076509952545166,1,0,0.9904863240908807,0.9951690821256038,1.0,0.9903846153846154,0.9951784697621459,2,0,0.9904863240908807,0.9902912621359222,1.0,0.9807692307692307,0.9951720450088564,3,0,0.9902141905640302,0.9853658536585366,1.0,0.9711538461538461,0.9951666086791499,1,0,0.9904863240908807,0.9951690821256038,1.0,0.9903846153846154,0.9951784697621459,1,0,0.9904863240908807,0.9951690821256038,1.0,0.9903846153846154,0.9951725392206479,uncertainty_sampling,0.11080002784729004
104,0,0.07093174333670155,0.0,0.0,0.0,0.8967947400050608,portsweep.,LogisticRegression,0.0009720325469970703,104,0,0.42156320203666464,0.0,0.0,0.0,0.9543051777580972,97,0,0.2766773999363785,0.12612612612612611,1.0,0.0673076923076923,0.9811043063638665,104,0,0.06558171931447711,0.0,0.0,0.0,0.8807803011133603,93,3,0.5106999322858092,0.1864406779661017,0.7857142857142857,0.10576923076923077,0.9463612174215587,104,0,0.38063306523219287,0.0,0.0,0.0,0.9534175733805668,random_sampling,0.02447986602783203
104,0,0.07093174333670155,0.0,0.0,0.0,0.8967947400050608,portsweep.,LogisticRegression,0.0010476112365722656,14,101,0.9005712647173105,0.6101694915254238,0.4712041884816754,0.8653846153846154,0.997089092548077,93,1,0.4809694505583495,0.1896551724137931,0.9166666666666666,0.10576923076923077,0.9438842279225709,97,0,0.5287342804550049,0.12612612612612611,1.0,0.0673076923076923,0.9939854424974695,93,1,0.4643822713364192,0.1896551724137931,0.9166666666666666,0.10576923076923077,0.9637021207616397,104,0,0.11392347698863961,0.0,0.0,0.0,0.9054355389676112,entropy_sampling,0.024552106857299805
104,0,0.07093174333670155,0.0,0.0,0.0,0.8967947400050608,portsweep.,LogisticRegression,0.0010750293731689453,14,101,0.9005712647173105,0.6101694915254238,0.4712041884816754,0.8653846153846154,0.997089092548077,93,1,0.4809694505583495,0.1896551724137931,0.9166666666666666,0.10576923076923077,0.9438842279225709,97,0,0.5287342804550049,0.12612612612612611,1.0,0.0673076923076923,0.9939854424974695,93,1,0.4643822713364192,0.1896551724137931,0.9166666666666666,0.10576923076923077,0.9637021207616397,104,0,0.11392347698863961,0.0,0.0,0.0,0.9054355389676112,uncertainty_sampling,0.01901984214782715
21,2,0.941509562358529,0.8756756756756757,0.9759036144578314,0.7941176470588235,0.9848693280766254,warezclient.,RandomForestClassifier,0.1062018871307373,16,2,0.9393571105906807,0.9052631578947369,0.9772727272727273,0.8431372549019608,0.9797965444401446,21,2,0.9509277695892706,0.8756756756756757,0.9759036144578314,0.7941176470588235,0.9946490623387513,21,2,0.9509277695892706,0.8756756756756757,0.9759036144578314,0.7941176470588235,0.9946490623387513,29,2,0.9180231154438244,0.824858757062147,0.9733333333333334,0.7156862745098039,0.9745887150090299,26,1,0.9165115113380156,0.8491620111731845,0.987012987012987,0.7450980392156863,0.9746073593911249,random_sampling,0.10935783386230469
21,2,0.941509562358529,0.8756756756756757,0.9759036144578314,0.7941176470588235,0.9848693280766254,warezclient.,RandomForestClassifier,0.10544300079345703,5,0,0.9774288819407924,0.9748743718592965,1.0,0.9509803921568627,0.9996346708913828,7,1,0.9644113985342788,0.9595959595959597,0.9895833333333334,0.9313725490196079,0.9944994033797729,17,2,0.9502952992133584,0.8994708994708996,0.9770114942528736,0.8333333333333334,0.994624371130031,7,2,0.9640043666781672,0.9547738693467337,0.979381443298969,0.9313725490196079,0.9992113930276058,5,1,0.9716082775939252,0.9700000000000001,0.9897959183673469,0.9509803921568627,0.9994996250967493,entropy_sampling,0.10954689979553223
21,2,0.941509562358529,0.8756756756756757,0.9759036144578314,0.7941176470588235,0.9848693280766254,warezclient.,RandomForestClassifier,0.1088252067565918,5,0,0.9774288819407924,0.9748743718592965,1.0,0.9509803921568627,0.9996346708913828,7,1,0.9644113985342788,0.9595959595959597,0.9895833333333334,0.9313725490196079,0.9944994033797729,17,2,0.9502952992133584,0.8994708994708996,0.9770114942528736,0.8333333333333334,0.994624371130031,7,2,0.9640043666781672,0.9547738693467337,0.979381443298969,0.9313725490196079,0.9992113930276058,5,1,0.9716082775939252,0.9700000000000001,0.9897959183673469,0.9509803921568627,0.9994996250967493,uncertainty_sampling,0.1059107780456543
20,22,0.8192958763659584,0.7961165048543688,0.7884615384615384,0.803921568627451,0.9208031999806501,warezclient.,LogisticRegression,0.0008471012115478516,17,26,0.7913385807128538,0.7981220657276996,0.7657657657657657,0.8333333333333334,0.9206011351909185,18,13,0.817286766362342,0.8442211055276382,0.865979381443299,0.8235294117647058,0.9209689838106295,17,9,0.7886704606752944,0.8673469387755102,0.9042553191489362,0.8333333333333334,0.9227779927760579,16,10,0.8211409029294738,0.8686868686868686,0.8958333333333334,0.8431372549019608,0.9234083744517544,16,16,0.7735378231870528,0.8431372549019607,0.8431372549019608,0.8431372549019608,0.9223002934726522,random_sampling,0.03375506401062012
20,22,0.8192958763659584,0.7961165048543688,0.7884615384615384,0.803921568627451,0.9208031999806501,warezclient.,LogisticRegression,0.0007429122924804688,15,2,0.8698275596447281,0.9109947643979056,0.9775280898876404,0.8529411764705882,0.9470822045923633,15,7,0.8570065020086138,0.8877551020408163,0.925531914893617,0.8529411764705882,0.9501338364293086,16,11,0.8210686532424254,0.864321608040201,0.8865979381443299,0.8431372549019608,0.9237207938273995,15,7,0.874303435012701,0.8877551020408163,0.925531914893617,0.8529411764705882,0.9261873951883384,15,3,0.8685478071449215,0.90625,0.9666666666666667,0.8529411764705882,0.9304630055147058,entropy_sampling,0.03931593894958496
20,22,0.8192958763659584,0.7961165048543688,0.7884615384615384,0.803921568627451,0.9208031999806501,warezclient.,LogisticRegression,0.0006608963012695312,15,2,0.8698275596447281,0.9109947643979056,0.9775280898876404,0.8529411764705882,0.9470822045923633,15,7,0.8570065020086138,0.8877551020408163,0.925531914893617,0.8529411764705882,0.9501338364293086,16,11,0.8210686532424254,0.864321608040201,0.8865979381443299,0.8431372549019608,0.9237207938273995,15,7,0.874303435012701,0.8877551020408163,0.925531914893617,0.8529411764705882,0.9261873951883384,15,3,0.8685478071449215,0.90625,0.9666666666666667,0.8529411764705882,0.9304630055147058,uncertainty_sampling,0.027100801467895508
7,0,1.0,0.962962962962963,1.0,0.9285714285714286,1.0,teardrop.,RandomForestClassifier,0.10515904426574707,4,1,0.9987284227885731,0.9740932642487047,0.9894736842105263,0.9591836734693877,0.9999916084854995,7,0,1.0,0.962962962962963,1.0,0.9285714285714286,1.0,7,0,1.0,0.962962962962963,1.0,0.9285714285714286,1.0,11,0,0.9996907854050711,0.9405405405405405,1.0,0.8877551020408163,0.9999984265910311,3,0,0.9996907854050712,0.9844559585492229,1.0,0.9693877551020408,0.9999984265910311,random_sampling,0.11003518104553223
7,0,1.0,0.962962962962963,1.0,0.9285714285714286,1.0,teardrop.,RandomForestClassifier,0.10646486282348633,0,0,1.0,1.0,1.0,1.0,1.0,0,0,1.0,1.0,1.0,1.0,1.0,4,0,1.0,0.9791666666666666,1.0,0.9591836734693877,1.0,3,0,1.0,0.9844559585492229,1.0,0.9693877551020408,1.0,0,0,1.0,1.0,1.0,1.0,1.0,entropy_sampling,0.11004495620727539
7,0,1.0,0.962962962962963,1.0,0.9285714285714286,1.0,teardrop.,RandomForestClassifier,0.1043698787689209,0,0,1.0,1.0,1.0,1.0,1.0,0,0,1.0,1.0,1.0,1.0,1.0,4,0,1.0,0.9791666666666666,1.0,0.9591836734693877,1.0,3,0,1.0,0.9844559585492229,1.0,0.9693877551020408,1.0,0,0,1.0,1.0,1.0,1.0,1.0,uncertainty_sampling,0.10605597496032715
14,3,0.9714299391944923,0.908108108108108,0.9655172413793104,0.8571428571428571,0.9995751795784104,teardrop.,LogisticRegression,0.0009789466857910156,13,4,0.9730458150276368,0.9090909090909092,0.9550561797752809,0.8673469387755102,0.9996339201799141,12,3,0.977823984235618,0.9197860962566844,0.9662921348314607,0.8775510204081632,0.9997157374462943,14,4,0.9639019273624116,0.9032258064516128,0.9545454545454546,0.8571428571428571,0.9994639920112781,16,6,0.9532663726614272,0.8817204301075268,0.9318181818181818,0.8367346938775511,0.9993181894468315,12,7,0.9451917052736937,0.900523560209424,0.9247311827956989,0.8775510204081632,0.9994188876208379,random_sampling,0.045063018798828125
14,3,0.9714299391944923,0.908108108108108,0.9655172413793104,0.8571428571428571,0.9995751795784104,teardrop.,LogisticRegression,0.0009851455688476562,0,0,1.0,1.0,1.0,1.0,1.0,2,0,1.0,0.9896907216494846,1.0,0.9795918367346939,1.0,10,3,0.9793028754565578,0.9312169312169313,0.967032967032967,0.8979591836734694,0.999687416084855,0,0,1.0,1.0,1.0,1.0,1.0,0,0,1.0,1.0,1.0,1.0,1.0,entropy_sampling,0.03047490119934082
14,3,0.9714299391944923,0.908108108108108,0.9655172413793104,0.8571428571428571,0.9995751795784104,teardrop.,LogisticRegression,0.0008609294891357422,0,0,1.0,1.0,1.0,1.0,1.0,2,0,1.0,0.9896907216494846,1.0,0.9795918367346939,1.0,10,3,0.9793028754565578,0.9312169312169313,0.967032967032967,0.8979591836734694,0.999687416084855,0,0,1.0,1.0,1.0,1.0,1.0,0,0,1.0,1.0,1.0,1.0,1.0,uncertainty_sampling,0.021837711334228516
7,0,0.961640973071009,0.8444444444444443,1.0,0.7307692307692307,0.9806921416542138,pod.,RandomForestClassifier,0.10401296615600586,16,0,0.961640973071009,0.5555555555555556,1.0,0.38461538461538464,0.9807553942614073,7,0,0.961640973071009,0.8444444444444443,1.0,0.7307692307692307,0.9806921416542138,7,0,0.961640973071009,0.8444444444444443,1.0,0.7307692307692307,0.9806921416542138,16,0,0.961640973071009,0.5555555555555556,1.0,0.38461538461538464,0.9807553942614073,16,0,0.961640973071009,0.5555555555555556,1.0,0.38461538461538464,0.9807553942614073,random_sampling,0.11018490791320801
7,0,0.961640973071009,0.8444444444444443,1.0,0.7307692307692307,0.9806921416542138,pod.,RandomForestClassifier,0.1050710678100586,1,0,0.9616409730710089,0.9803921568627451,1.0,0.9615384615384616,0.9807692307692308,1,0,0.9616409730710089,0.9803921568627451,1.0,0.9615384615384616,0.9806960949421635,4,0,0.9616409730710088,0.9166666666666666,1.0,0.8461538461538461,0.9806783051463903,1,0,0.9616409730710089,0.9803921568627451,1.0,0.9615384615384616,0.9806545854186929,1,0,0.9784876140808344,0.9803921568627451,1.0,0.9615384615384616,0.9999347707488317,entropy_sampling,0.1051480770111084
7,0,0.961640973071009,0.8444444444444443,1.0,0.7307692307692307,0.9806921416542138,pod.,RandomForestClassifier,0.10691714286804199,1,0,0.9616409730710089,0.9803921568627451,1.0,0.9615384615384616,0.9807692307692308,1,0,0.9616409730710089,0.9803921568627451,1.0,0.9615384615384616,0.9806960949421635,4,0,0.9616409730710088,0.9166666666666666,1.0,0.8461538461538461,0.9806783051463903,1,0,0.9616409730710089,0.9803921568627451,1.0,0.9615384615384616,0.9806545854186929,1,0,0.9784876140808344,0.9803921568627451,1.0,0.9615384615384616,0.9999347707488317,uncertainty_sampling,0.1073298454284668
8,14,0.2787144829849302,0.6206896551724138,0.5625,0.6923076923076923,0.9628232801220775,pod.,LogisticRegression,0.00078582763671875,8,20,0.2704251578334275,0.5625,0.47368421052631576,0.6923076923076923,0.963459759481961,8,17,0.29264287781593157,0.5901639344262295,0.5142857142857142,0.6923076923076923,0.9609968610893681,8,17,0.29979386320881257,0.5901639344262295,0.5142857142857142,0.6923076923076923,0.9591032361615156,8,17,0.2910157484459318,0.5901639344262295,0.5142857142857142,0.6923076923076923,0.9613052175494359,8,17,0.2873876945650062,0.5901639344262295,0.5142857142857142,0.6923076923076923,0.9620405291080592,random_sampling,0.04092121124267578
8,14,0.2787144829849302,0.6206896551724138,0.5625,0.6923076923076923,0.9628232801220775,pod.,LogisticRegression,0.0008420944213867188,10,31,0.17208106173738824,0.4383561643835616,0.3404255319148936,0.6153846153846154,0.9519991777161065,9,9,0.3572982024896052,0.6538461538461539,0.6538461538461539,0.6538461538461539,0.935944875352831,9,21,0.23900287913926496,0.53125,0.4473684210526316,0.6538461538461539,0.9646931853222325,9,4,0.5282129196620762,0.7234042553191489,0.8095238095238095,0.6538461538461539,0.9344623923717356,8,2,0.5381202649831485,0.7826086956521738,0.9,0.6923076923076923,0.9691287744016698,entropy_sampling,0.02994990348815918
8,14,0.2787144829849302,0.6206896551724138,0.5625,0.6923076923076923,0.9628232801220775,pod.,LogisticRegression,0.0007088184356689453,10,31,0.17208106173738824,0.4383561643835616,0.3404255319148936,0.6153846153846154,0.9519991777161065,9,9,0.3572982024896052,0.6538461538461539,0.6538461538461539,0.6538461538461539,0.935944875352831,9,21,0.23900287913926496,0.53125,0.4473684210526316,0.6538461538461539,0.9646931853222325,9,4,0.5282129196620762,0.7234042553191489,0.8095238095238095,0.6538461538461539,0.9344623923717356,8,2,0.5381202649831485,0.7826086956521738,0.9,0.6923076923076923,0.9691287744016698,uncertainty_sampling,0.026607036590576172
7,0,0.8264971708587303,0.8205128205128205,1.0,0.6956521739130435,0.9125876001144165,nmap.,RandomForestClassifier,0.10706090927124023,12,0,0.8199754317282955,0.6470588235294118,1.0,0.4782608695652174,0.9127328554061785,7,0,0.8264971708587303,0.8205128205128205,1.0,0.6956521739130435,0.9125876001144165,7,0,0.8264971708587303,0.8205128205128205,1.0,0.6956521739130435,0.9125876001144165,12,0,0.8178015186848171,0.6470588235294118,1.0,0.4782608695652174,0.9127306207093822,12,0,0.8178015186848171,0.6470588235294118,1.0,0.4782608695652174,0.9127306207093822,random_sampling,0.11188578605651855
7,0,0.8264971708587303,0.8205128205128205,1.0,0.6956521739130435,0.9125876001144165,nmap.,RandomForestClassifier,0.10304594039916992,4,0,0.8264971708587302,0.9047619047619047,1.0,0.8260869565217391,0.9127038043478262,4,0,0.8264971708587302,0.9047619047619047,1.0,0.8260869565217391,0.9120780892448512,6,0,0.8264971708587302,0.85,1.0,0.7391304347826086,0.9125876001144165,4,1,0.8221493447717737,0.8837209302325583,0.95,0.8260869565217391,0.9118948441075515,4,0,0.8264971708587302,0.9047619047619047,1.0,0.8260869565217391,0.9126322940503433,entropy_sampling,0.10670590400695801
7,0,0.8264971708587303,0.8205128205128205,1.0,0.6956521739130435,0.9125876001144165,nmap.,RandomForestClassifier,0.10419607162475586,4,0,0.8264971708587302,0.9047619047619047,1.0,0.8260869565217391,0.9127038043478262,4,0,0.8264971708587302,0.9047619047619047,1.0,0.8260869565217391,0.9120780892448512,6,0,0.8264971708587302,0.85,1.0,0.7391304347826086,0.9125876001144165,4,1,0.8221493447717737,0.8837209302325583,0.95,0.8260869565217391,0.9118948441075515,4,0,0.8264971708587302,0.9047619047619047,1.0,0.8260869565217391,0.9126322940503433,uncertainty_sampling,0.10914397239685059
12,15,0.29964377482137594,0.44897959183673475,0.4230769230769231,0.4782608695652174,0.9641197082379862,nmap.,LogisticRegression,0.0006952285766601562,11,13,0.3446460895315051,0.4999999999999999,0.48,0.5217391304347826,0.9642493206521738,12,15,0.3010908164281329,0.44897959183673475,0.4230769230769231,0.4782608695652174,0.9639811570366132,12,16,0.31036393472274887,0.44000000000000006,0.4074074074074074,0.4782608695652174,0.9641197082379863,12,15,0.27153443933834137,0.44897959183673475,0.4230769230769231,0.4782608695652174,0.964289545194508,12,15,0.2809822903501898,0.44897959183673475,0.4230769230769231,0.4782608695652174,0.9657286899313501,random_sampling,0.02549910545349121
12,15,0.29964377482137594,0.44897959183673475,0.4230769230769231,0.4782608695652174,0.9641197082379862,nmap.,LogisticRegression,0.000701904296875,4,0,0.8289177939373902,0.9047619047619047,1.0,0.8260869565217391,0.9767725614988558,9,1,0.6459728629230261,0.7368421052631579,0.9333333333333333,0.6086956521739131,0.967377896167048,12,4,0.486915287660688,0.5789473684210527,0.7333333333333333,0.4782608695652174,0.9680348970251716,4,0,0.8287567013225273,0.9047619047619047,1.0,0.8260869565217391,0.9753468249427917,4,0,0.8286278908463691,0.9047619047619047,1.0,0.8260869565217391,0.9740775171624715,entropy_sampling,0.03421473503112793
12,15,0.29964377482137594,0.44897959183673475,0.4230769230769231,0.4782608695652174,0.9641197082379862,nmap.,LogisticRegression,0.0007500648498535156,4,0,0.8289177939373902,0.9047619047619047,1.0,0.8260869565217391,0.9767725614988558,9,1,0.6459728629230261,0.7368421052631579,0.9333333333333333,0.6086956521739131,0.967377896167048,12,4,0.486915287660688,0.5789473684210527,0.7333333333333333,0.4782608695652174,0.9680348970251716,4,0,0.8287567013225273,0.9047619047619047,1.0,0.8260869565217391,0.9753468249427917,4,0,0.8286278908463691,0.9047619047619047,1.0,0.8260869565217391,0.9740775171624715,uncertainty_sampling,0.028968095779418945
